fold,run,accuracy,precision,recall,f1_score
1,1,0.7447916666666666,0.6875,0.4925373134328358,0.5739130434782609
1,2,0.7447916666666666,0.6875,0.4925373134328358,0.5739130434782609
1,3,0.7447916666666666,0.6875,0.4925373134328358,0.5739130434782609
1,4,0.7447916666666666,0.6875,0.4925373134328358,0.5739130434782609
1,5,0.7447916666666666,0.6875,0.4925373134328358,0.5739130434782609
1,6,0.7447916666666666,0.6875,0.4925373134328358,0.5739130434782609
1,7,0.7447916666666666,0.6875,0.4925373134328358,0.5739130434782609
1,8,0.7447916666666666,0.6875,0.4925373134328358,0.5739130434782609
1,9,0.7447916666666666,0.6875,0.4925373134328358,0.5739130434782609
1,10,0.7447916666666666,0.6875,0.4925373134328358,0.5739130434782609
1,11,0.7447916666666666,0.6875,0.4925373134328358,0.5739130434782609
1,12,0.7447916666666666,0.6875,0.4925373134328358,0.5739130434782609
1,13,0.7447916666666666,0.6875,0.4925373134328358,0.5739130434782609
1,14,0.7447916666666666,0.6875,0.4925373134328358,0.5739130434782609
1,15,0.7447916666666666,0.6875,0.4925373134328358,0.5739130434782609
1,16,0.7447916666666666,0.6875,0.4925373134328358,0.5739130434782609
1,17,0.7447916666666666,0.6875,0.4925373134328358,0.5739130434782609
1,18,0.7447916666666666,0.6875,0.4925373134328358,0.5739130434782609
1,19,0.7447916666666666,0.6875,0.4925373134328358,0.5739130434782609
1,20,0.7447916666666666,0.6875,0.4925373134328358,0.5739130434782609
1,21,0.7447916666666666,0.6875,0.4925373134328358,0.5739130434782609
1,22,0.7447916666666666,0.6875,0.4925373134328358,0.5739130434782609
1,23,0.7447916666666666,0.6875,0.4925373134328358,0.5739130434782609
1,24,0.7447916666666666,0.6875,0.4925373134328358,0.5739130434782609
1,25,0.7447916666666666,0.6875,0.4925373134328358,0.5739130434782609
1,26,0.7447916666666666,0.6875,0.4925373134328358,0.5739130434782609
1,27,0.7447916666666666,0.6875,0.4925373134328358,0.5739130434782609
1,28,0.7447916666666666,0.6875,0.4925373134328358,0.5739130434782609
1,29,0.7447916666666666,0.6875,0.4925373134328358,0.5739130434782609
1,30,0.7447916666666666,0.6875,0.4925373134328358,0.5739130434782609
1,31,0.7447916666666666,0.6875,0.4925373134328358,0.5739130434782609
1,32,0.7447916666666666,0.6875,0.4925373134328358,0.5739130434782609
1,33,0.7447916666666666,0.6875,0.4925373134328358,0.5739130434782609
1,34,0.7447916666666666,0.6875,0.4925373134328358,0.5739130434782609
1,35,0.7447916666666666,0.6875,0.4925373134328358,0.5739130434782609
1,36,0.7447916666666666,0.6875,0.4925373134328358,0.5739130434782609
1,37,0.7447916666666666,0.6875,0.4925373134328358,0.5739130434782609
1,38,0.7447916666666666,0.6875,0.4925373134328358,0.5739130434782609
1,39,0.7447916666666666,0.6875,0.4925373134328358,0.5739130434782609
1,40,0.7447916666666666,0.6875,0.4925373134328358,0.5739130434782609
1,41,0.7447916666666666,0.6875,0.4925373134328358,0.5739130434782609
1,42,0.7447916666666666,0.6875,0.4925373134328358,0.5739130434782609
1,43,0.7447916666666666,0.6875,0.4925373134328358,0.5739130434782609
1,44,0.7447916666666666,0.6875,0.4925373134328358,0.5739130434782609
1,45,0.7447916666666666,0.6875,0.4925373134328358,0.5739130434782609
1,46,0.7447916666666666,0.6875,0.4925373134328358,0.5739130434782609
1,47,0.7447916666666666,0.6875,0.4925373134328358,0.5739130434782609
1,48,0.7447916666666666,0.6875,0.4925373134328358,0.5739130434782609
1,49,0.7447916666666666,0.6875,0.4925373134328358,0.5739130434782609
1,50,0.7447916666666666,0.6875,0.4925373134328358,0.5739130434782609
2,1,0.7552083333333334,0.6666666666666666,0.5970149253731343,0.6299212598425197
2,2,0.7552083333333334,0.6666666666666666,0.5970149253731343,0.6299212598425197
2,3,0.7552083333333334,0.6666666666666666,0.5970149253731343,0.6299212598425197
2,4,0.7552083333333334,0.6666666666666666,0.5970149253731343,0.6299212598425197
2,5,0.7552083333333334,0.6666666666666666,0.5970149253731343,0.6299212598425197
2,6,0.7552083333333334,0.6666666666666666,0.5970149253731343,0.6299212598425197
2,7,0.7552083333333334,0.6666666666666666,0.5970149253731343,0.6299212598425197
2,8,0.7552083333333334,0.6666666666666666,0.5970149253731343,0.6299212598425197
2,9,0.7552083333333334,0.6666666666666666,0.5970149253731343,0.6299212598425197
2,10,0.7552083333333334,0.6666666666666666,0.5970149253731343,0.6299212598425197
2,11,0.7552083333333334,0.6666666666666666,0.5970149253731343,0.6299212598425197
2,12,0.7552083333333334,0.6666666666666666,0.5970149253731343,0.6299212598425197
2,13,0.7552083333333334,0.6666666666666666,0.5970149253731343,0.6299212598425197
2,14,0.7552083333333334,0.6666666666666666,0.5970149253731343,0.6299212598425197
2,15,0.7552083333333334,0.6666666666666666,0.5970149253731343,0.6299212598425197
2,16,0.7552083333333334,0.6666666666666666,0.5970149253731343,0.6299212598425197
2,17,0.7552083333333334,0.6666666666666666,0.5970149253731343,0.6299212598425197
2,18,0.7552083333333334,0.6666666666666666,0.5970149253731343,0.6299212598425197
2,19,0.7552083333333334,0.6666666666666666,0.5970149253731343,0.6299212598425197
2,20,0.7552083333333334,0.6666666666666666,0.5970149253731343,0.6299212598425197
2,21,0.7552083333333334,0.6666666666666666,0.5970149253731343,0.6299212598425197
2,22,0.7552083333333334,0.6666666666666666,0.5970149253731343,0.6299212598425197
2,23,0.7552083333333334,0.6666666666666666,0.5970149253731343,0.6299212598425197
2,24,0.7552083333333334,0.6666666666666666,0.5970149253731343,0.6299212598425197
2,25,0.7552083333333334,0.6666666666666666,0.5970149253731343,0.6299212598425197
2,26,0.7552083333333334,0.6666666666666666,0.5970149253731343,0.6299212598425197
2,27,0.7552083333333334,0.6666666666666666,0.5970149253731343,0.6299212598425197
2,28,0.7552083333333334,0.6666666666666666,0.5970149253731343,0.6299212598425197
2,29,0.7552083333333334,0.6666666666666666,0.5970149253731343,0.6299212598425197
2,30,0.7552083333333334,0.6666666666666666,0.5970149253731343,0.6299212598425197
2,31,0.7552083333333334,0.6666666666666666,0.5970149253731343,0.6299212598425197
2,32,0.7552083333333334,0.6666666666666666,0.5970149253731343,0.6299212598425197
2,33,0.7552083333333334,0.6666666666666666,0.5970149253731343,0.6299212598425197
2,34,0.7552083333333334,0.6666666666666666,0.5970149253731343,0.6299212598425197
2,35,0.7552083333333334,0.6666666666666666,0.5970149253731343,0.6299212598425197
2,36,0.7552083333333334,0.6666666666666666,0.5970149253731343,0.6299212598425197
2,37,0.7552083333333334,0.6666666666666666,0.5970149253731343,0.6299212598425197
2,38,0.7552083333333334,0.6666666666666666,0.5970149253731343,0.6299212598425197
2,39,0.7552083333333334,0.6666666666666666,0.5970149253731343,0.6299212598425197
2,40,0.7552083333333334,0.6666666666666666,0.5970149253731343,0.6299212598425197
2,41,0.7552083333333334,0.6666666666666666,0.5970149253731343,0.6299212598425197
2,42,0.7552083333333334,0.6666666666666666,0.5970149253731343,0.6299212598425197
2,43,0.7552083333333334,0.6666666666666666,0.5970149253731343,0.6299212598425197
2,44,0.7552083333333334,0.6666666666666666,0.5970149253731343,0.6299212598425197
2,45,0.7552083333333334,0.6666666666666666,0.5970149253731343,0.6299212598425197
2,46,0.7552083333333334,0.6666666666666666,0.5970149253731343,0.6299212598425197
2,47,0.7552083333333334,0.6666666666666666,0.5970149253731343,0.6299212598425197
2,48,0.7552083333333334,0.6666666666666666,0.5970149253731343,0.6299212598425197
2,49,0.7552083333333334,0.6666666666666666,0.5970149253731343,0.6299212598425197
2,50,0.7552083333333334,0.6666666666666666,0.5970149253731343,0.6299212598425197
3,1,0.8333333333333334,0.7611940298507462,0.7611940298507462,0.7611940298507462
3,2,0.8333333333333334,0.7611940298507462,0.7611940298507462,0.7611940298507462
3,3,0.8333333333333334,0.7611940298507462,0.7611940298507462,0.7611940298507462
3,4,0.8333333333333334,0.7611940298507462,0.7611940298507462,0.7611940298507462
3,5,0.8333333333333334,0.7611940298507462,0.7611940298507462,0.7611940298507462
3,6,0.8333333333333334,0.7611940298507462,0.7611940298507462,0.7611940298507462
3,7,0.8333333333333334,0.7611940298507462,0.7611940298507462,0.7611940298507462
3,8,0.8333333333333334,0.7611940298507462,0.7611940298507462,0.7611940298507462
3,9,0.8333333333333334,0.7611940298507462,0.7611940298507462,0.7611940298507462
3,10,0.8333333333333334,0.7611940298507462,0.7611940298507462,0.7611940298507462
3,11,0.8333333333333334,0.7611940298507462,0.7611940298507462,0.7611940298507462
3,12,0.8333333333333334,0.7611940298507462,0.7611940298507462,0.7611940298507462
3,13,0.8333333333333334,0.7611940298507462,0.7611940298507462,0.7611940298507462
3,14,0.8333333333333334,0.7611940298507462,0.7611940298507462,0.7611940298507462
3,15,0.8333333333333334,0.7611940298507462,0.7611940298507462,0.7611940298507462
3,16,0.8333333333333334,0.7611940298507462,0.7611940298507462,0.7611940298507462
3,17,0.8333333333333334,0.7611940298507462,0.7611940298507462,0.7611940298507462
3,18,0.8333333333333334,0.7611940298507462,0.7611940298507462,0.7611940298507462
3,19,0.8333333333333334,0.7611940298507462,0.7611940298507462,0.7611940298507462
3,20,0.8333333333333334,0.7611940298507462,0.7611940298507462,0.7611940298507462
3,21,0.8333333333333334,0.7611940298507462,0.7611940298507462,0.7611940298507462
3,22,0.8333333333333334,0.7611940298507462,0.7611940298507462,0.7611940298507462
3,23,0.8333333333333334,0.7611940298507462,0.7611940298507462,0.7611940298507462
3,24,0.8333333333333334,0.7611940298507462,0.7611940298507462,0.7611940298507462
3,25,0.8333333333333334,0.7611940298507462,0.7611940298507462,0.7611940298507462
3,26,0.8333333333333334,0.7611940298507462,0.7611940298507462,0.7611940298507462
3,27,0.8333333333333334,0.7611940298507462,0.7611940298507462,0.7611940298507462
3,28,0.8333333333333334,0.7611940298507462,0.7611940298507462,0.7611940298507462
3,29,0.8333333333333334,0.7611940298507462,0.7611940298507462,0.7611940298507462
3,30,0.8333333333333334,0.7611940298507462,0.7611940298507462,0.7611940298507462
3,31,0.8333333333333334,0.7611940298507462,0.7611940298507462,0.7611940298507462
3,32,0.8333333333333334,0.7611940298507462,0.7611940298507462,0.7611940298507462
3,33,0.8333333333333334,0.7611940298507462,0.7611940298507462,0.7611940298507462
3,34,0.8333333333333334,0.7611940298507462,0.7611940298507462,0.7611940298507462
3,35,0.8333333333333334,0.7611940298507462,0.7611940298507462,0.7611940298507462
3,36,0.8333333333333334,0.7611940298507462,0.7611940298507462,0.7611940298507462
3,37,0.8333333333333334,0.7611940298507462,0.7611940298507462,0.7611940298507462
3,38,0.8333333333333334,0.7611940298507462,0.7611940298507462,0.7611940298507462
3,39,0.8333333333333334,0.7611940298507462,0.7611940298507462,0.7611940298507462
3,40,0.8333333333333334,0.7611940298507462,0.7611940298507462,0.7611940298507462
3,41,0.8333333333333334,0.7611940298507462,0.7611940298507462,0.7611940298507462
3,42,0.8333333333333334,0.7611940298507462,0.7611940298507462,0.7611940298507462
3,43,0.8333333333333334,0.7611940298507462,0.7611940298507462,0.7611940298507462
3,44,0.8333333333333334,0.7611940298507462,0.7611940298507462,0.7611940298507462
3,45,0.8333333333333334,0.7611940298507462,0.7611940298507462,0.7611940298507462
3,46,0.8333333333333334,0.7611940298507462,0.7611940298507462,0.7611940298507462
3,47,0.8333333333333334,0.7611940298507462,0.7611940298507462,0.7611940298507462
3,48,0.8333333333333334,0.7611940298507462,0.7611940298507462,0.7611940298507462
3,49,0.8333333333333334,0.7611940298507462,0.7611940298507462,0.7611940298507462
3,50,0.8333333333333334,0.7611940298507462,0.7611940298507462,0.7611940298507462
4,1,0.6927083333333334,0.5588235294117647,0.5671641791044776,0.562962962962963
4,2,0.6927083333333334,0.5588235294117647,0.5671641791044776,0.562962962962963
4,3,0.6927083333333334,0.5588235294117647,0.5671641791044776,0.562962962962963
4,4,0.6927083333333334,0.5588235294117647,0.5671641791044776,0.562962962962963
4,5,0.6927083333333334,0.5588235294117647,0.5671641791044776,0.562962962962963
4,6,0.6927083333333334,0.5588235294117647,0.5671641791044776,0.562962962962963
4,7,0.6927083333333334,0.5588235294117647,0.5671641791044776,0.562962962962963
4,8,0.6927083333333334,0.5588235294117647,0.5671641791044776,0.562962962962963
4,9,0.6927083333333334,0.5588235294117647,0.5671641791044776,0.562962962962963
4,10,0.6927083333333334,0.5588235294117647,0.5671641791044776,0.562962962962963
4,11,0.6927083333333334,0.5588235294117647,0.5671641791044776,0.562962962962963
4,12,0.6927083333333334,0.5588235294117647,0.5671641791044776,0.562962962962963
4,13,0.6927083333333334,0.5588235294117647,0.5671641791044776,0.562962962962963
4,14,0.6927083333333334,0.5588235294117647,0.5671641791044776,0.562962962962963
4,15,0.6927083333333334,0.5588235294117647,0.5671641791044776,0.562962962962963
4,16,0.6927083333333334,0.5588235294117647,0.5671641791044776,0.562962962962963
4,17,0.6927083333333334,0.5588235294117647,0.5671641791044776,0.562962962962963
4,18,0.6927083333333334,0.5588235294117647,0.5671641791044776,0.562962962962963
4,19,0.6927083333333334,0.5588235294117647,0.5671641791044776,0.562962962962963
4,20,0.6927083333333334,0.5588235294117647,0.5671641791044776,0.562962962962963
4,21,0.6927083333333334,0.5588235294117647,0.5671641791044776,0.562962962962963
4,22,0.6927083333333334,0.5588235294117647,0.5671641791044776,0.562962962962963
4,23,0.6927083333333334,0.5588235294117647,0.5671641791044776,0.562962962962963
4,24,0.6927083333333334,0.5588235294117647,0.5671641791044776,0.562962962962963
4,25,0.6927083333333334,0.5588235294117647,0.5671641791044776,0.562962962962963
4,26,0.6927083333333334,0.5588235294117647,0.5671641791044776,0.562962962962963
4,27,0.6927083333333334,0.5588235294117647,0.5671641791044776,0.562962962962963
4,28,0.6927083333333334,0.5588235294117647,0.5671641791044776,0.562962962962963
4,29,0.6927083333333334,0.5588235294117647,0.5671641791044776,0.562962962962963
4,30,0.6927083333333334,0.5588235294117647,0.5671641791044776,0.562962962962963
4,31,0.6927083333333334,0.5588235294117647,0.5671641791044776,0.562962962962963
4,32,0.6927083333333334,0.5588235294117647,0.5671641791044776,0.562962962962963
4,33,0.6927083333333334,0.5588235294117647,0.5671641791044776,0.562962962962963
4,34,0.6927083333333334,0.5588235294117647,0.5671641791044776,0.562962962962963
4,35,0.6927083333333334,0.5588235294117647,0.5671641791044776,0.562962962962963
4,36,0.6927083333333334,0.5588235294117647,0.5671641791044776,0.562962962962963
4,37,0.6927083333333334,0.5588235294117647,0.5671641791044776,0.562962962962963
4,38,0.6927083333333334,0.5588235294117647,0.5671641791044776,0.562962962962963
4,39,0.6927083333333334,0.5588235294117647,0.5671641791044776,0.562962962962963
4,40,0.6927083333333334,0.5588235294117647,0.5671641791044776,0.562962962962963
4,41,0.6927083333333334,0.5588235294117647,0.5671641791044776,0.562962962962963
4,42,0.6927083333333334,0.5588235294117647,0.5671641791044776,0.562962962962963
4,43,0.6927083333333334,0.5588235294117647,0.5671641791044776,0.562962962962963
4,44,0.6927083333333334,0.5588235294117647,0.5671641791044776,0.562962962962963
4,45,0.6927083333333334,0.5588235294117647,0.5671641791044776,0.562962962962963
4,46,0.6927083333333334,0.5588235294117647,0.5671641791044776,0.562962962962963
4,47,0.6927083333333334,0.5588235294117647,0.5671641791044776,0.562962962962963
4,48,0.6927083333333334,0.5588235294117647,0.5671641791044776,0.562962962962963
4,49,0.6927083333333334,0.5588235294117647,0.5671641791044776,0.562962962962963
4,50,0.6927083333333334,0.5588235294117647,0.5671641791044776,0.562962962962963
