fold,run,algorithm,accuracy,precision,recall,f1_score,convergence_speed,best_loss,threshold_reached,fold_threshold
1,1,Baseline ACOR,0.5885416666666666,0.375,0.26865671641791045,0.3130434782608696,101,1.5569104320212581,False,1.4550400800226482
1,2,Baseline ACOR,0.6302083333333334,0.4666666666666667,0.417910447761194,0.4409448818897638,101,2.0464680698117013,False,1.4550400800226482
1,3,Baseline ACOR,0.515625,0.38181818181818183,0.6268656716417911,0.4745762711864407,101,1.6750587610053822,False,1.4550400800226482
1,4,Baseline ACOR,0.6354166666666666,0.48,0.5373134328358209,0.5070422535211268,0,1.360446555550634,True,1.4550400800226482
1,5,Baseline ACOR,0.6614583333333334,0.5192307692307693,0.40298507462686567,0.453781512605042,101,1.492104658196591,False,1.4550400800226482
1,6,Baseline ACOR,0.578125,0.4339622641509434,0.6865671641791045,0.5317919075144508,101,1.8521009253865752,False,1.4550400800226482
1,7,Baseline ACOR,0.6770833333333334,0.5862068965517241,0.2537313432835821,0.3541666666666667,101,1.7095239193912402,False,1.4550400800226482
1,8,Baseline ACOR,0.6510416666666666,0.5,0.13432835820895522,0.21176470588235294,0,1.3535183141972382,True,1.4550400800226482
1,9,Baseline ACOR,0.6458333333333334,0.4897959183673469,0.3582089552238806,0.41379310344827586,101,1.6616274539005116,False,1.4550400800226482
1,10,Baseline ACOR,0.5729166666666666,0.4117647058823529,0.5223880597014925,0.4605263157894737,101,1.6143339738883222,False,1.4550400800226482
1,11,Baseline ACOR,0.6770833333333334,0.631578947368421,0.1791044776119403,0.27906976744186046,0,1.0193088269098192,True,1.4550400800226482
1,12,Baseline ACOR,0.5989583333333334,0.391304347826087,0.26865671641791045,0.3185840707964602,101,1.6581178404956036,False,1.4550400800226482
1,13,Baseline ACOR,0.6614583333333334,0.5161290322580645,0.47761194029850745,0.49612403100775193,0,1.4313802142015932,True,1.4550400800226482
1,14,Baseline ACOR,0.6822916666666666,0.56,0.417910447761194,0.47863247863247865,0,1.4351648539345645,True,1.4550400800226482
1,15,Baseline ACOR,0.7291666666666666,0.7142857142857143,0.373134328358209,0.49019607843137253,0,1.3212699604310643,True,1.4550400800226482
1,16,Baseline ACOR,0.53125,0.3944954128440367,0.6417910447761194,0.48863636363636365,0,1.284900323696661,True,1.4550400800226482
1,17,Baseline ACOR,0.6041666666666666,0.45161290322580644,0.6268656716417911,0.525,101,1.7634193307485466,False,1.4550400800226482
1,18,Baseline ACOR,0.6510416666666666,0.5,0.3880597014925373,0.4369747899159664,101,1.5767350035152816,False,1.4550400800226482
1,19,Baseline ACOR,0.71875,0.6181818181818182,0.5074626865671642,0.5573770491803278,0,1.4474026667991826,True,1.4550400800226482
1,20,Baseline ACOR,0.6354166666666666,0.48623853211009177,0.7910447761194029,0.6022727272727273,0,1.2710725546794035,True,1.4550400800226482
1,21,Baseline ACOR,0.703125,0.6136363636363636,0.40298507462686567,0.4864864864864865,101,1.521473781489633,False,1.4550400800226482
1,22,Baseline ACOR,0.7552083333333334,0.7083333333333334,0.5074626865671642,0.591304347826087,0,1.1049895412070354,True,1.4550400800226482
1,23,Baseline ACOR,0.625,0.42424242424242425,0.208955223880597,0.28,0,0.9245766925260624,True,1.4550400800226482
1,24,Baseline ACOR,0.5833333333333334,0.41975308641975306,0.5074626865671642,0.4594594594594595,101,1.584688014432589,False,1.4550400800226482
1,25,Baseline ACOR,0.453125,0.3515625,0.6716417910447762,0.46153846153846156,101,1.6320351684610923,False,1.4550400800226482
1,26,Baseline ACOR,0.6666666666666666,0.5238095238095238,0.4925373134328358,0.5076923076923077,101,1.7313475090181267,False,1.4550400800226482
1,27,Baseline ACOR,0.640625,0.4791666666666667,0.34328358208955223,0.4,101,1.4696028715886535,False,1.4550400800226482
1,28,Baseline ACOR,0.6822916666666666,0.5428571428571428,0.5671641791044776,0.5547445255474452,101,1.5088471928579108,False,1.4550400800226482
1,29,Baseline ACOR,0.5729166666666666,0.42424242424242425,0.6268656716417911,0.5060240963855421,101,1.8598323300289548,False,1.4550400800226482
1,30,Baseline ACOR,0.6770833333333334,0.6,0.22388059701492538,0.32608695652173914,101,1.4900613951217472,False,1.4550400800226482
1,31,Baseline ACOR,0.671875,0.55,0.3283582089552239,0.411214953271028,101,1.6082838805986086,False,1.4550400800226482
1,32,Baseline ACOR,0.65625,0.5050505050505051,0.746268656716418,0.6024096385542169,0,1.2262813828447345,True,1.4550400800226482
1,33,Baseline ACOR,0.5364583333333334,0.3472222222222222,0.373134328358209,0.3597122302158273,0,1.2966418903554924,True,1.4550400800226482
1,34,Baseline ACOR,0.6875,0.5507246376811594,0.5671641791044776,0.5588235294117647,0,1.4535349339116905,True,1.4550400800226482
1,35,Baseline ACOR,0.6197916666666666,0.4625,0.5522388059701493,0.5034013605442177,0,1.3058136529887643,True,1.4550400800226482
1,36,Baseline ACOR,0.6614583333333334,0.5416666666666666,0.19402985074626866,0.2857142857142857,0,1.1007636245121377,True,1.4550400800226482
1,37,Baseline ACOR,0.65625,0.5116279069767442,0.3283582089552239,0.4,101,1.5171695537108185,False,1.4550400800226482
1,38,Baseline ACOR,0.6666666666666666,0.5405405405405406,0.29850746268656714,0.38461538461538464,0,1.3501472434420028,True,1.4550400800226482
1,39,Baseline ACOR,0.5833333333333334,0.43010752688172044,0.5970149253731343,0.5,101,1.4662672281749805,False,1.4550400800226482
1,40,Baseline ACOR,0.6197916666666666,0.45,0.40298507462686567,0.4251968503937008,101,1.4777408956551197,False,1.4550400800226482
1,41,Baseline ACOR,0.6927083333333334,0.58,0.43283582089552236,0.49572649572649574,101,1.6491740013049478,False,1.4550400800226482
1,42,Baseline ACOR,0.71875,0.6181818181818182,0.5074626865671642,0.5573770491803278,0,1.351429443249427,True,1.4550400800226482
1,43,Baseline ACOR,0.703125,0.6388888888888888,0.34328358208955223,0.44660194174757284,0,0.9195053008728102,True,1.4550400800226482
1,44,Baseline ACOR,0.5989583333333334,0.4074074074074074,0.3283582089552239,0.36363636363636365,0,1.4469967944884978,True,1.4550400800226482
1,45,Baseline ACOR,0.625,0.4657534246575342,0.5074626865671642,0.4857142857142857,0,1.2355857013816762,True,1.4550400800226482
1,46,Baseline ACOR,0.5572916666666666,0.3875,0.4626865671641791,0.4217687074829932,0,1.210452472937946,True,1.4550400800226482
1,47,Baseline ACOR,0.6875,0.5538461538461539,0.5373134328358209,0.5454545454545454,0,1.371700485588068,True,1.4550400800226482
1,48,Baseline ACOR,0.6458333333333334,0.4935064935064935,0.5671641791044776,0.5277777777777778,0,1.3594503913435076,True,1.4550400800226482
1,49,Baseline ACOR,0.609375,0.43103448275862066,0.373134328358209,0.4,0,1.2857975111922388,True,1.4550400800226482
1,50,Baseline ACOR,0.5364583333333334,0.358974358974359,0.417910447761194,0.38620689655172413,101,1.7609484770859494,False,1.4550400800226482
1,1,Hybrid ACOR-LM,0.6979166666666666,0.5789473684210527,0.4925373134328358,0.532258064516129,4,0.37207337361922044,True,1.4550400800226482
1,2,Hybrid ACOR-LM,0.7135416666666666,0.59375,0.5671641791044776,0.5801526717557252,0,0.37090411662758843,True,1.4550400800226482
1,3,Hybrid ACOR-LM,0.6822916666666666,0.5555555555555556,0.44776119402985076,0.49586776859504134,0,0.35087248980332036,True,1.4550400800226482
1,4,Hybrid ACOR-LM,0.7135416666666666,0.6,0.5373134328358209,0.5669291338582677,0,0.3756515360156755,True,1.4550400800226482
1,5,Hybrid ACOR-LM,0.6822916666666666,0.5535714285714286,0.4626865671641791,0.5040650406504065,0,0.3620014189809908,True,1.4550400800226482
1,6,Hybrid ACOR-LM,0.7083333333333334,0.6037735849056604,0.47761194029850745,0.5333333333333333,0,0.37737781254234987,True,1.4550400800226482
1,7,Hybrid ACOR-LM,0.6875,0.5614035087719298,0.47761194029850745,0.5161290322580645,0,0.3618859566143346,True,1.4550400800226482
1,8,Hybrid ACOR-LM,0.765625,0.6896551724137931,0.5970149253731343,0.64,0,0.37219329478070523,True,1.4550400800226482
1,9,Hybrid ACOR-LM,0.7135416666666666,0.603448275862069,0.5223880597014925,0.56,0,0.3656946898106962,True,1.4550400800226482
1,10,Hybrid ACOR-LM,0.734375,0.625,0.5970149253731343,0.6106870229007634,0,0.3776165905015307,True,1.4550400800226482
1,11,Hybrid ACOR-LM,0.6822916666666666,0.55,0.4925373134328358,0.5196850393700787,0,0.3519125475895313,True,1.4550400800226482
1,12,Hybrid ACOR-LM,0.71875,0.6065573770491803,0.5522388059701493,0.578125,0,0.3694429552329452,True,1.4550400800226482
1,13,Hybrid ACOR-LM,0.6875,0.5573770491803278,0.5074626865671642,0.53125,4,0.34745110311354743,True,1.4550400800226482
1,14,Hybrid ACOR-LM,0.7135416666666666,0.6071428571428571,0.5074626865671642,0.5528455284552846,0,0.3595108812077388,True,1.4550400800226482
1,15,Hybrid ACOR-LM,0.671875,0.5344827586206896,0.4626865671641791,0.496,0,0.36783644431508455,True,1.4550400800226482
1,16,Hybrid ACOR-LM,0.7239583333333334,0.6060606060606061,0.5970149253731343,0.6015037593984962,0,0.3679717622240177,True,1.4550400800226482
1,17,Hybrid ACOR-LM,0.7083333333333334,0.5964912280701754,0.5074626865671642,0.5483870967741935,0,0.36059326508519596,True,1.4550400800226482
1,18,Hybrid ACOR-LM,0.7083333333333334,0.5964912280701754,0.5074626865671642,0.5483870967741935,0,0.35702858175466073,True,1.4550400800226482
1,19,Hybrid ACOR-LM,0.6875,0.5614035087719298,0.47761194029850745,0.5161290322580645,0,0.37739038580480067,True,1.4550400800226482
1,20,Hybrid ACOR-LM,0.7135416666666666,0.6111111111111112,0.4925373134328358,0.5454545454545454,0,0.3691574245388164,True,1.4550400800226482
1,21,Hybrid ACOR-LM,0.6927083333333334,0.5645161290322581,0.5223880597014925,0.5426356589147286,0,0.3625116593457692,True,1.4550400800226482
1,22,Hybrid ACOR-LM,0.6875,0.5660377358490566,0.44776119402985076,0.5,0,0.36207188191840245,True,1.4550400800226482
1,23,Hybrid ACOR-LM,0.6927083333333334,0.5769230769230769,0.44776119402985076,0.5042016806722689,0,0.3467736583721772,True,1.4550400800226482
1,24,Hybrid ACOR-LM,0.6927083333333334,0.5645161290322581,0.5223880597014925,0.5426356589147286,0,0.3655793969323634,True,1.4550400800226482
1,25,Hybrid ACOR-LM,0.6927083333333334,0.5740740740740741,0.4626865671641791,0.512396694214876,0,0.36637331901966974,True,1.4550400800226482
1,26,Hybrid ACOR-LM,0.671875,0.5384615384615384,0.417910447761194,0.47058823529411764,0,0.3616071897601309,True,1.4550400800226482
1,27,Hybrid ACOR-LM,0.703125,0.5833333333333334,0.5223880597014925,0.5511811023622047,0,0.37201664140053153,True,1.4550400800226482
1,28,Hybrid ACOR-LM,0.703125,0.5862068965517241,0.5074626865671642,0.544,0,0.3752098853479718,True,1.4550400800226482
1,29,Hybrid ACOR-LM,0.7083333333333334,0.5873015873015873,0.5522388059701493,0.5692307692307692,0,0.35139919793162405,True,1.4550400800226482
1,30,Hybrid ACOR-LM,0.6822916666666666,0.5576923076923077,0.43283582089552236,0.48739495798319327,0,0.3567842613851187,True,1.4550400800226482
1,31,Hybrid ACOR-LM,0.71875,0.6181818181818182,0.5074626865671642,0.5573770491803278,0,0.36577864496061924,True,1.4550400800226482
1,32,Hybrid ACOR-LM,0.6927083333333334,0.5740740740740741,0.4626865671641791,0.512396694214876,0,0.36402865950375396,True,1.4550400800226482
1,33,Hybrid ACOR-LM,0.7239583333333334,0.625,0.5223880597014925,0.5691056910569106,0,0.36738416989927036,True,1.4550400800226482
1,34,Hybrid ACOR-LM,0.734375,0.6538461538461539,0.5074626865671642,0.5714285714285714,0,0.37652384217732016,True,1.4550400800226482
1,35,Hybrid ACOR-LM,0.7291666666666666,0.6190476190476191,0.582089552238806,0.6,0,0.35724485749001444,True,1.4550400800226482
1,36,Hybrid ACOR-LM,0.7135416666666666,0.6,0.5373134328358209,0.5669291338582677,0,0.3805917798823548,True,1.4550400800226482
1,37,Hybrid ACOR-LM,0.6875,0.559322033898305,0.4925373134328358,0.5238095238095238,0,0.35978274865716187,True,1.4550400800226482
1,38,Hybrid ACOR-LM,0.6822916666666666,0.5535714285714286,0.4626865671641791,0.5040650406504065,0,0.36101421422620333,True,1.4550400800226482
1,39,Hybrid ACOR-LM,0.6979166666666666,0.5789473684210527,0.4925373134328358,0.532258064516129,0,0.3579236601935759,True,1.4550400800226482
1,40,Hybrid ACOR-LM,0.734375,0.6333333333333333,0.5671641791044776,0.5984251968503937,0,0.3708526828045402,True,1.4550400800226482
1,41,Hybrid ACOR-LM,0.6875,0.5660377358490566,0.44776119402985076,0.5,0,0.3509771695553693,True,1.4550400800226482
1,42,Hybrid ACOR-LM,0.7083333333333334,0.5932203389830508,0.5223880597014925,0.5555555555555556,0,0.3666550822253861,True,1.4550400800226482
1,43,Hybrid ACOR-LM,0.6979166666666666,0.5737704918032787,0.5223880597014925,0.546875,0,0.37511128269313665,True,1.4550400800226482
1,44,Hybrid ACOR-LM,0.7291666666666666,0.631578947368421,0.5373134328358209,0.5806451612903226,0,0.34069661375295746,True,1.4550400800226482
1,45,Hybrid ACOR-LM,0.703125,0.5833333333333334,0.5223880597014925,0.5511811023622047,0,0.36915493670568583,True,1.4550400800226482
1,46,Hybrid ACOR-LM,0.6875,0.5507246376811594,0.5671641791044776,0.5588235294117647,0,0.36507025143977145,True,1.4550400800226482
1,47,Hybrid ACOR-LM,0.6875,0.5573770491803278,0.5074626865671642,0.53125,0,0.38175904934311966,True,1.4550400800226482
1,48,Hybrid ACOR-LM,0.71875,0.6101694915254238,0.5373134328358209,0.5714285714285714,0,0.3682777756725167,True,1.4550400800226482
1,49,Hybrid ACOR-LM,0.703125,0.5833333333333334,0.5223880597014925,0.5511811023622047,0,0.35784721633135713,True,1.4550400800226482
1,50,Hybrid ACOR-LM,0.71875,0.6031746031746031,0.5671641791044776,0.5846153846153846,0,0.37238301409402247,True,1.4550400800226482
2,1,Baseline ACOR,0.625,0.391304347826087,0.13432835820895522,0.2,0,1.5022697770752986,True,1.5238381177281313
2,2,Baseline ACOR,0.5833333333333334,0.3898305084745763,0.34328358208955223,0.36507936507936506,101,2.049505287020671,False,1.5238381177281313
2,3,Baseline ACOR,0.4947916666666667,0.3684210526315789,0.6268656716417911,0.46408839779005523,101,1.6331652914611476,False,1.5238381177281313
2,4,Baseline ACOR,0.6354166666666666,0.4805194805194805,0.5522388059701493,0.5138888888888888,0,1.4322961642639773,True,1.5238381177281313
2,5,Baseline ACOR,0.7239583333333334,0.6206896551724138,0.5373134328358209,0.576,101,1.7069243412563577,False,1.5238381177281313
2,6,Baseline ACOR,0.5416666666666666,0.34328358208955223,0.34328358208955223,0.34328358208955223,101,1.721535793793846,False,1.5238381177281313
2,7,Baseline ACOR,0.5885416666666666,0.43478260869565216,0.5970149253731343,0.5031446540880503,101,1.579205048733604,False,1.5238381177281313
2,8,Baseline ACOR,0.7083333333333334,0.6666666666666666,0.3283582089552239,0.44,101,1.5742300015467872,False,1.5238381177281313
2,9,Baseline ACOR,0.6354166666666666,0.47058823529411764,0.3582089552238806,0.4067796610169492,101,1.6139113923989337,False,1.5238381177281313
2,10,Baseline ACOR,0.671875,0.5285714285714286,0.5522388059701493,0.5401459854014599,101,1.7922567317961375,False,1.5238381177281313
2,11,Baseline ACOR,0.7135416666666666,0.7,0.31343283582089554,0.4329896907216495,0,1.031227474155122,True,1.5238381177281313
2,12,Baseline ACOR,0.6458333333333334,0.4883720930232558,0.31343283582089554,0.38181818181818183,101,1.7520288150773302,False,1.5238381177281313
2,13,Baseline ACOR,0.7239583333333334,0.625,0.5223880597014925,0.5691056910569106,101,1.681664002404302,False,1.5238381177281313
2,14,Baseline ACOR,0.7604166666666666,0.7058823529411765,0.5373134328358209,0.6101694915254238,101,1.7939392877308928,False,1.5238381177281313
2,15,Baseline ACOR,0.6510416666666666,0.5,0.19402985074626866,0.27956989247311825,0,1.3027342865219944,True,1.5238381177281313
2,16,Baseline ACOR,0.5833333333333334,0.4462809917355372,0.8059701492537313,0.574468085106383,0,1.345126032705416,True,1.5238381177281313
2,17,Baseline ACOR,0.6197916666666666,0.43478260869565216,0.29850746268656714,0.35398230088495575,101,1.8529579516306909,False,1.5238381177281313
2,18,Baseline ACOR,0.7604166666666666,0.6981132075471698,0.5522388059701493,0.6166666666666667,101,1.6778368141910076,False,1.5238381177281313
2,19,Baseline ACOR,0.6666666666666666,0.5205479452054794,0.5671641791044776,0.5428571428571428,0,1.4107056620446852,True,1.5238381177281313
2,20,Baseline ACOR,0.578125,0.43,0.6417910447761194,0.5149700598802395,0,1.2447647896993415,True,1.5238381177281313
2,21,Baseline ACOR,0.734375,0.7222222222222222,0.3880597014925373,0.5048543689320388,101,1.6158751694709848,False,1.5238381177281313
2,22,Baseline ACOR,0.7291666666666666,0.6595744680851063,0.4626865671641791,0.543859649122807,0,1.2132627472630437,True,1.5238381177281313
2,23,Baseline ACOR,0.65625,0.5128205128205128,0.29850746268656714,0.37735849056603776,0,0.9908230923206772,True,1.5238381177281313
2,24,Baseline ACOR,0.5677083333333334,0.3918918918918919,0.43283582089552236,0.41134751773049644,0,1.501970985334799,True,1.5238381177281313
2,25,Baseline ACOR,0.59375,0.36585365853658536,0.22388059701492538,0.2777777777777778,101,1.7366152582174337,False,1.5238381177281313
2,26,Baseline ACOR,0.7291666666666666,0.6415094339622641,0.5074626865671642,0.5666666666666667,101,2.032237746312797,False,1.5238381177281313
2,27,Baseline ACOR,0.671875,0.5588235294117647,0.2835820895522388,0.37623762376237624,101,1.5933412259693804,False,1.5238381177281313
2,28,Baseline ACOR,0.7552083333333334,0.6351351351351351,0.7014925373134329,0.6666666666666666,101,1.6703309128820207,False,1.5238381177281313
2,29,Baseline ACOR,0.5885416666666666,0.42857142857142855,0.5373134328358209,0.4768211920529801,101,1.7990414340542165,False,1.5238381177281313
2,30,Baseline ACOR,0.6822916666666666,0.5882352941176471,0.29850746268656714,0.39603960396039606,101,1.56804302397585,False,1.5238381177281313
2,31,Baseline ACOR,0.5885416666666666,0.43023255813953487,0.5522388059701493,0.48366013071895425,101,1.6784250224265105,False,1.5238381177281313
2,32,Baseline ACOR,0.7552083333333334,0.6190476190476191,0.7761194029850746,0.6887417218543046,0,1.4131393798591663,True,1.5238381177281313
2,33,Baseline ACOR,0.546875,0.34375,0.3283582089552239,0.33587786259541985,0,1.267039550210122,True,1.5238381177281313
2,34,Baseline ACOR,0.7239583333333334,0.609375,0.582089552238806,0.5954198473282443,101,1.6699410305882243,False,1.5238381177281313
2,35,Baseline ACOR,0.6510416666666666,0.0,0.0,0.0,0,1.3933526367487301,True,1.5238381177281313
2,36,Baseline ACOR,0.6822916666666666,0.625,0.22388059701492538,0.32967032967032966,0,1.1157501172808928,True,1.5238381177281313
2,37,Baseline ACOR,0.6666666666666666,0.56,0.208955223880597,0.30434782608695654,101,1.6068925448050342,False,1.5238381177281313
2,38,Baseline ACOR,0.6770833333333334,0.6190476190476191,0.19402985074626866,0.29545454545454547,0,1.4626429557469234,True,1.5238381177281313
2,39,Baseline ACOR,0.625,0.4489795918367347,0.3283582089552239,0.3793103448275862,101,1.5402654999167813,False,1.5238381177281313
2,40,Baseline ACOR,0.6041666666666666,0.15384615384615385,0.029850746268656716,0.05,0,1.4767174882727334,True,1.5238381177281313
2,41,Baseline ACOR,0.7135416666666666,0.6111111111111112,0.4925373134328358,0.5454545454545454,101,1.7431559928584093,False,1.5238381177281313
2,42,Baseline ACOR,0.7864583333333334,0.7407407407407407,0.5970149253731343,0.6611570247933884,0,1.4608662596191186,True,1.5238381177281313
2,43,Baseline ACOR,0.6875,0.6129032258064516,0.2835820895522388,0.3877551020408163,0,0.9254449680042369,True,1.5238381177281313
2,44,Baseline ACOR,0.6458333333333334,0.4935064935064935,0.5671641791044776,0.5277777777777778,0,1.3973212286147945,True,1.5238381177281313
2,45,Baseline ACOR,0.6614583333333334,0.5131578947368421,0.582089552238806,0.5454545454545454,0,1.3721687943078134,True,1.5238381177281313
2,46,Baseline ACOR,0.515625,0.34523809523809523,0.43283582089552236,0.3841059602649007,0,1.1628571981344267,True,1.5238381177281313
2,47,Baseline ACOR,0.6041666666666666,0.40816326530612246,0.29850746268656714,0.3448275862068966,0,1.4445462465044296,True,1.5238381177281313
2,48,Baseline ACOR,0.6927083333333334,0.5540540540540541,0.6119402985074627,0.5815602836879432,101,1.5976445204550918,False,1.5238381177281313
2,49,Baseline ACOR,0.6302083333333334,0.45652173913043476,0.31343283582089554,0.37168141592920356,0,1.3149208844735147,True,1.5238381177281313
2,50,Baseline ACOR,0.546875,0.375,0.44776119402985076,0.40816326530612246,101,1.7289870262708686,False,1.5238381177281313
2,1,Hybrid ACOR-LM,0.765625,0.6964285714285714,0.582089552238806,0.6341463414634146,4,0.4190264612765616,True,1.5238381177281313
2,2,Hybrid ACOR-LM,0.7760416666666666,0.7142857142857143,0.5970149253731343,0.6504065040650406,0,0.40735594591914454,True,1.5238381177281313
2,3,Hybrid ACOR-LM,0.7604166666666666,0.6842105263157895,0.582089552238806,0.6290322580645161,0,0.4310357726234455,True,1.5238381177281313
2,4,Hybrid ACOR-LM,0.765625,0.6964285714285714,0.582089552238806,0.6341463414634146,0,0.43087560248096973,True,1.5238381177281313
2,5,Hybrid ACOR-LM,0.7708333333333334,0.7169811320754716,0.5671641791044776,0.6333333333333333,0,0.39573066347909874,True,1.5238381177281313
2,6,Hybrid ACOR-LM,0.7708333333333334,0.7090909090909091,0.582089552238806,0.639344262295082,0,0.41737955530288773,True,1.5238381177281313
2,7,Hybrid ACOR-LM,0.7916666666666666,0.7454545454545455,0.6119402985074627,0.6721311475409836,0,0.42904060161003066,True,1.5238381177281313
2,8,Hybrid ACOR-LM,0.7552083333333334,0.6851851851851852,0.5522388059701493,0.6115702479338843,0,0.41660259879147254,True,1.5238381177281313
2,9,Hybrid ACOR-LM,0.7760416666666666,0.7608695652173914,0.5223880597014925,0.6194690265486725,4,0.41205568488084465,True,1.5238381177281313
2,10,Hybrid ACOR-LM,0.7604166666666666,0.6779661016949152,0.5970149253731343,0.6349206349206349,0,0.41780731852454467,True,1.5238381177281313
2,11,Hybrid ACOR-LM,0.7395833333333334,0.6545454545454545,0.5373134328358209,0.5901639344262295,0,0.4214346791574508,True,1.5238381177281313
2,12,Hybrid ACOR-LM,0.7708333333333334,0.6885245901639344,0.6268656716417911,0.65625,0,0.4134608014953569,True,1.5238381177281313
2,13,Hybrid ACOR-LM,0.7864583333333334,0.7241379310344828,0.6268656716417911,0.672,4,0.4152864361533247,True,1.5238381177281313
2,14,Hybrid ACOR-LM,0.8072916666666666,0.7586206896551724,0.6567164179104478,0.704,0,0.41027421963605715,True,1.5238381177281313
2,15,Hybrid ACOR-LM,0.765625,0.6896551724137931,0.5970149253731343,0.64,0,0.4149809519524273,True,1.5238381177281313
2,16,Hybrid ACOR-LM,0.7708333333333334,0.7254901960784313,0.5522388059701493,0.6271186440677966,0,0.41487543762615836,True,1.5238381177281313
2,17,Hybrid ACOR-LM,0.7864583333333334,0.7241379310344828,0.6268656716417911,0.672,0,0.4074970867863848,True,1.5238381177281313
2,18,Hybrid ACOR-LM,0.7447916666666666,0.6730769230769231,0.5223880597014925,0.5882352941176471,0,0.41277246908844517,True,1.5238381177281313
2,19,Hybrid ACOR-LM,0.796875,0.7592592592592593,0.6119402985074627,0.6776859504132231,0,0.4032312587854572,True,1.5238381177281313
2,20,Hybrid ACOR-LM,0.765625,0.6964285714285714,0.582089552238806,0.6341463414634146,0,0.4158680663978351,True,1.5238381177281313
2,21,Hybrid ACOR-LM,0.765625,0.7037037037037037,0.5671641791044776,0.628099173553719,0,0.4195337356744204,True,1.5238381177281313
2,22,Hybrid ACOR-LM,0.8020833333333334,0.7543859649122807,0.6417910447761194,0.6935483870967742,0,0.4080441851511677,True,1.5238381177281313
2,23,Hybrid ACOR-LM,0.7708333333333334,0.6949152542372882,0.6119402985074627,0.6507936507936508,0,0.39863101254433025,True,1.5238381177281313
2,24,Hybrid ACOR-LM,0.7760416666666666,0.7068965517241379,0.6119402985074627,0.656,0,0.4127487076694878,True,1.5238381177281313
2,25,Hybrid ACOR-LM,0.7916666666666666,0.7213114754098361,0.6567164179104478,0.6875,0,0.40809987333227826,True,1.5238381177281313
2,26,Hybrid ACOR-LM,0.8020833333333334,0.7301587301587301,0.6865671641791045,0.7076923076923077,0,0.41856937943259187,True,1.5238381177281313
2,27,Hybrid ACOR-LM,0.765625,0.6833333333333333,0.6119402985074627,0.6456692913385826,0,0.40232711468498766,True,1.5238381177281313
2,28,Hybrid ACOR-LM,0.7447916666666666,0.65,0.582089552238806,0.6141732283464567,0,0.40407586212170543,True,1.5238381177281313
2,29,Hybrid ACOR-LM,0.78125,0.7192982456140351,0.6119402985074627,0.6612903225806451,0,0.4270940103913319,True,1.5238381177281313
2,30,Hybrid ACOR-LM,0.796875,0.7592592592592593,0.6119402985074627,0.6776859504132231,0,0.41742544435931095,True,1.5238381177281313
2,31,Hybrid ACOR-LM,0.7708333333333334,0.6885245901639344,0.6268656716417911,0.65625,0,0.4302773301560219,True,1.5238381177281313
2,32,Hybrid ACOR-LM,0.8020833333333334,0.7457627118644068,0.6567164179104478,0.6984126984126984,0,0.41998095178680833,True,1.5238381177281313
2,33,Hybrid ACOR-LM,0.7447916666666666,0.6875,0.4925373134328358,0.5739130434782609,0,0.42457969133619033,True,1.5238381177281313
2,34,Hybrid ACOR-LM,0.8125,0.7719298245614035,0.6567164179104478,0.7096774193548387,0,0.4169218307525011,True,1.5238381177281313
2,35,Hybrid ACOR-LM,0.7552083333333334,0.6851851851851852,0.5522388059701493,0.6115702479338843,0,0.4013952968612814,True,1.5238381177281313
2,36,Hybrid ACOR-LM,0.7760416666666666,0.7068965517241379,0.6119402985074627,0.656,0,0.42761835249632096,True,1.5238381177281313
2,37,Hybrid ACOR-LM,0.765625,0.6964285714285714,0.582089552238806,0.6341463414634146,0,0.42102598077371195,True,1.5238381177281313
2,38,Hybrid ACOR-LM,0.8020833333333334,0.7735849056603774,0.6119402985074627,0.6833333333333333,0,0.4207713908232191,True,1.5238381177281313
2,39,Hybrid ACOR-LM,0.78125,0.6984126984126984,0.6567164179104478,0.676923076923077,0,0.40839729861539564,True,1.5238381177281313
2,40,Hybrid ACOR-LM,0.7552083333333334,0.6724137931034483,0.582089552238806,0.624,0,0.4061781011913188,True,1.5238381177281313
2,41,Hybrid ACOR-LM,0.7604166666666666,0.6909090909090909,0.5671641791044776,0.6229508196721312,0,0.4194263629500455,True,1.5238381177281313
2,42,Hybrid ACOR-LM,0.75,0.6727272727272727,0.5522388059701493,0.6065573770491803,0,0.4152071351249973,True,1.5238381177281313
2,43,Hybrid ACOR-LM,0.7708333333333334,0.7169811320754716,0.5671641791044776,0.6333333333333333,0,0.43299067904210964,True,1.5238381177281313
2,44,Hybrid ACOR-LM,0.7604166666666666,0.7058823529411765,0.5373134328358209,0.6101694915254238,0,0.4086360462962068,True,1.5238381177281313
2,45,Hybrid ACOR-LM,0.7760416666666666,0.6935483870967742,0.6417910447761194,0.6666666666666666,0,0.4293521783738089,True,1.5238381177281313
2,46,Hybrid ACOR-LM,0.7447916666666666,0.6607142857142857,0.5522388059701493,0.6016260162601627,0,0.4151572914078179,True,1.5238381177281313
2,47,Hybrid ACOR-LM,0.7760416666666666,0.7068965517241379,0.6119402985074627,0.656,0,0.4031694111691678,True,1.5238381177281313
2,48,Hybrid ACOR-LM,0.7447916666666666,0.6551724137931034,0.5671641791044776,0.608,0,0.4222918181438539,True,1.5238381177281313
2,49,Hybrid ACOR-LM,0.7604166666666666,0.6909090909090909,0.5671641791044776,0.6229508196721312,0,0.426920308623365,True,1.5238381177281313
2,50,Hybrid ACOR-LM,0.796875,0.78,0.582089552238806,0.6666666666666666,0,0.41302739638240765,True,1.5238381177281313
3,1,Baseline ACOR,0.6145833333333334,0.4146341463414634,0.2537313432835821,0.3148148148148148,101,1.5857798683609639,False,1.5255303552250927
3,2,Baseline ACOR,0.5989583333333334,0.4264705882352941,0.43283582089552236,0.42962962962962964,101,2.1146238584535393,False,1.5255303552250927
3,3,Baseline ACOR,0.484375,0.375,0.7164179104477612,0.49230769230769234,101,1.7851279166770473,False,1.5255303552250927
3,4,Baseline ACOR,0.65625,0.5061728395061729,0.6119402985074627,0.5540540540540541,0,1.4940931763632033,True,1.5255303552250927
3,5,Baseline ACOR,0.625,0.4603174603174603,0.43283582089552236,0.4461538461538462,101,1.6375190979352712,False,1.5255303552250927
3,6,Baseline ACOR,0.6041666666666666,0.4383561643835616,0.47761194029850745,0.45714285714285713,101,1.762708027496235,False,1.5255303552250927
3,7,Baseline ACOR,0.625,0.4752475247524752,0.7164179104477612,0.5714285714285714,101,1.5468803381842637,False,1.5255303552250927
3,8,Baseline ACOR,0.6979166666666666,0.6956521739130435,0.23880597014925373,0.35555555555555557,101,1.5669773931545565,False,1.5255303552250927
3,9,Baseline ACOR,0.640625,0.48148148148148145,0.3880597014925373,0.4297520661157025,101,1.7098649080898456,False,1.5255303552250927
3,10,Baseline ACOR,0.6354166666666666,0.48148148148148145,0.582089552238806,0.527027027027027,101,1.7055745491484302,False,1.5255303552250927
3,11,Baseline ACOR,0.7083333333333334,0.7391304347826086,0.2537313432835821,0.37777777777777777,0,1.0661109475690715,True,1.5255303552250927
3,12,Baseline ACOR,0.671875,0.5454545454545454,0.3582089552238806,0.43243243243243246,101,1.654672801060404,False,1.5255303552250927
3,13,Baseline ACOR,0.609375,0.375,0.1791044776119403,0.24242424242424243,101,1.686345730993983,False,1.5255303552250927
3,14,Baseline ACOR,0.734375,0.6290322580645161,0.582089552238806,0.6046511627906976,101,1.6452689442822086,False,1.5255303552250927
3,15,Baseline ACOR,0.7291666666666666,0.6595744680851063,0.4626865671641791,0.543859649122807,0,1.3948483695348948,True,1.5255303552250927
3,16,Baseline ACOR,0.609375,0.46551724137931033,0.8059701492537313,0.5901639344262295,0,1.31199383216394,True,1.5255303552250927
3,17,Baseline ACOR,0.5572916666666666,0.41,0.6119402985074627,0.49101796407185627,101,1.7365883590877589,False,1.5255303552250927
3,18,Baseline ACOR,0.6666666666666666,0.5319148936170213,0.373134328358209,0.43859649122807015,101,1.5447401210397698,False,1.5255303552250927
3,19,Baseline ACOR,0.7135416666666666,0.6071428571428571,0.5074626865671642,0.5528455284552846,0,1.4201926769661048,True,1.5255303552250927
3,20,Baseline ACOR,0.5989583333333334,0.45901639344262296,0.835820895522388,0.5925925925925926,0,1.2268149306049716,True,1.5255303552250927
3,21,Baseline ACOR,0.734375,0.66,0.4925373134328358,0.5641025641025641,101,1.5816437904666352,False,1.5255303552250927
3,22,Baseline ACOR,0.7291666666666666,0.631578947368421,0.5373134328358209,0.5806451612903226,0,1.204926411557465,True,1.5255303552250927
3,23,Baseline ACOR,0.6145833333333334,0.4186046511627907,0.26865671641791045,0.32727272727272727,0,0.9848336245997138,True,1.5255303552250927
3,24,Baseline ACOR,0.5625,0.3950617283950617,0.47761194029850745,0.43243243243243246,101,1.6463903938927746,False,1.5255303552250927
3,25,Baseline ACOR,0.4635416666666667,0.36363636363636365,0.7164179104477612,0.4824120603015075,101,1.746123203602188,False,1.5255303552250927
3,26,Baseline ACOR,0.6354166666666666,0.4745762711864407,0.417910447761194,0.4444444444444444,101,1.7693765689371717,False,1.5255303552250927
3,27,Baseline ACOR,0.7447916666666666,0.65,0.582089552238806,0.6141732283464567,101,1.627674199423405,False,1.5255303552250927
3,28,Baseline ACOR,0.7552083333333334,0.6388888888888888,0.6865671641791045,0.6618705035971223,101,1.6531190670706737,False,1.5255303552250927
3,29,Baseline ACOR,0.5729166666666666,0.42424242424242425,0.6268656716417911,0.5060240963855421,101,1.8260281090724066,False,1.5255303552250927
3,30,Baseline ACOR,0.640625,0.48,0.3582089552238806,0.41025641025641024,101,1.5608032904308589,False,1.5255303552250927
3,31,Baseline ACOR,0.640625,0.4875,0.582089552238806,0.5306122448979592,101,1.7041087653121696,False,1.5255303552250927
3,32,Baseline ACOR,0.6875,0.5327102803738317,0.8507462686567164,0.6551724137931034,0,1.2377443849630412,True,1.5255303552250927
3,33,Baseline ACOR,0.6041666666666666,0.4383561643835616,0.47761194029850745,0.45714285714285713,0,1.4022143456018703,True,1.5255303552250927
3,34,Baseline ACOR,0.7708333333333334,0.6493506493506493,0.746268656716418,0.6944444444444444,101,1.653820270812549,False,1.5255303552250927
3,35,Baseline ACOR,0.6510416666666666,0.0,0.0,0.0,0,1.365835806984712,True,1.5255303552250927
3,36,Baseline ACOR,0.7239583333333334,0.71875,0.34328358208955223,0.46464646464646464,0,1.1643962317936485,True,1.5255303552250927
3,37,Baseline ACOR,0.7083333333333334,0.6410256410256411,0.373134328358209,0.4716981132075472,101,1.684416795632705,False,1.5255303552250927
3,38,Baseline ACOR,0.71875,0.6444444444444445,0.43283582089552236,0.5178571428571429,0,1.4615588318342805,True,1.5255303552250927
3,39,Baseline ACOR,0.6927083333333334,0.5645161290322581,0.5223880597014925,0.5426356589147286,101,1.6299278161837412,False,1.5255303552250927
3,40,Baseline ACOR,0.5885416666666666,0.3888888888888889,0.31343283582089554,0.34710743801652894,101,1.5295276443400139,False,1.5255303552250927
3,41,Baseline ACOR,0.7552083333333334,0.6612903225806451,0.6119402985074627,0.6356589147286822,101,1.720384361529417,False,1.5255303552250927
3,42,Baseline ACOR,0.71875,0.5942028985507246,0.6119402985074627,0.6029411764705882,0,1.420873819542335,True,1.5255303552250927
3,43,Baseline ACOR,0.7083333333333334,0.6078431372549019,0.4626865671641791,0.5254237288135594,0,0.9485140500977126,True,1.5255303552250927
3,44,Baseline ACOR,0.6145833333333334,0.46236559139784944,0.6417910447761194,0.5375,0,1.3980616967416688,True,1.5255303552250927
3,45,Baseline ACOR,0.6666666666666666,0.5161290322580645,0.7164179104477612,0.6,0,1.285071519572407,True,1.5255303552250927
3,46,Baseline ACOR,0.59375,0.43820224719101125,0.582089552238806,0.5,0,1.2120721817024622,True,1.5255303552250927
3,47,Baseline ACOR,0.53125,0.4122137404580153,0.8059701492537313,0.5454545454545454,0,1.3997502777416058,True,1.5255303552250927
3,48,Baseline ACOR,0.6979166666666666,0.5616438356164384,0.6119402985074627,0.5857142857142857,101,1.5820265493207115,False,1.5255303552250927
3,49,Baseline ACOR,0.75,0.6461538461538462,0.6268656716417911,0.6363636363636364,0,1.4162582825589711,True,1.5255303552250927
3,50,Baseline ACOR,0.59375,0.43037974683544306,0.5074626865671642,0.4657534246575342,101,1.8623096227688636,False,1.5255303552250927
3,1,Hybrid ACOR-LM,0.7760416666666666,0.6666666666666666,0.7164179104477612,0.6906474820143885,4,0.40820886391235794,True,1.5255303552250927
3,2,Hybrid ACOR-LM,0.7552083333333334,0.6515151515151515,0.6417910447761194,0.6466165413533834,0,0.4041172234040681,True,1.5255303552250927
3,3,Hybrid ACOR-LM,0.71875,0.5844155844155844,0.6716417910447762,0.625,0,0.3951048093063286,True,1.5255303552250927
3,4,Hybrid ACOR-LM,0.8020833333333334,0.6986301369863014,0.7611940298507462,0.7285714285714285,0,0.40491982593455816,True,1.5255303552250927
3,5,Hybrid ACOR-LM,0.7916666666666666,0.7076923076923077,0.6865671641791045,0.696969696969697,0,0.3906681442150406,True,1.5255303552250927
3,6,Hybrid ACOR-LM,0.7864583333333334,0.6756756756756757,0.746268656716418,0.7092198581560284,0,0.41745859767525,True,1.5255303552250927
3,7,Hybrid ACOR-LM,0.7760416666666666,0.6714285714285714,0.7014925373134329,0.6861313868613139,0,0.3921778558467328,True,1.5255303552250927
3,8,Hybrid ACOR-LM,0.7708333333333334,0.6619718309859155,0.7014925373134329,0.6811594202898551,0,0.3994930495231239,True,1.5255303552250927
3,9,Hybrid ACOR-LM,0.8020833333333334,0.6933333333333334,0.7761194029850746,0.7323943661971831,4,0.39491384014268704,True,1.5255303552250927
3,10,Hybrid ACOR-LM,0.7604166666666666,0.647887323943662,0.6865671641791045,0.6666666666666666,0,0.40088320520206044,True,1.5255303552250927
3,11,Hybrid ACOR-LM,0.7864583333333334,0.6805555555555556,0.7313432835820896,0.7050359712230215,0,0.4006454663808276,True,1.5255303552250927
3,12,Hybrid ACOR-LM,0.7708333333333334,0.6666666666666666,0.6865671641791045,0.6764705882352942,0,0.40397777066777896,True,1.5255303552250927
3,13,Hybrid ACOR-LM,0.7760416666666666,0.6818181818181818,0.6716417910447762,0.6766917293233082,0,0.39932143363238354,True,1.5255303552250927
3,14,Hybrid ACOR-LM,0.7604166666666666,0.6438356164383562,0.7014925373134329,0.6714285714285714,0,0.4046673001685646,True,1.5255303552250927
3,15,Hybrid ACOR-LM,0.765625,0.6447368421052632,0.7313432835820896,0.6853146853146853,0,0.3809606247552083,True,1.5255303552250927
3,16,Hybrid ACOR-LM,0.7552083333333334,0.6470588235294118,0.6567164179104478,0.6518518518518519,0,0.39993383230039137,True,1.5255303552250927
3,17,Hybrid ACOR-LM,0.7239583333333334,0.5897435897435898,0.6865671641791045,0.6344827586206897,0,0.3834987881218281,True,1.5255303552250927
3,18,Hybrid ACOR-LM,0.7291666666666666,0.6027397260273972,0.6567164179104478,0.6285714285714286,0,0.3862949630128376,True,1.5255303552250927
3,19,Hybrid ACOR-LM,0.7708333333333334,0.6825396825396826,0.6417910447761194,0.6615384615384615,0,0.39303159176445945,True,1.5255303552250927
3,20,Hybrid ACOR-LM,0.7760416666666666,0.6714285714285714,0.7014925373134329,0.6861313868613139,0,0.40691673498012626,True,1.5255303552250927
3,21,Hybrid ACOR-LM,0.7864583333333334,0.696969696969697,0.6865671641791045,0.6917293233082706,0,0.41704348708269723,True,1.5255303552250927
3,22,Hybrid ACOR-LM,0.7395833333333334,0.6164383561643836,0.6716417910447762,0.6428571428571429,0,0.40333754907486746,True,1.5255303552250927
3,23,Hybrid ACOR-LM,0.7708333333333334,0.6493506493506493,0.746268656716418,0.6944444444444444,0,0.3968943705660749,True,1.5255303552250927
3,24,Hybrid ACOR-LM,0.7916666666666666,0.684931506849315,0.746268656716418,0.7142857142857143,0,0.39391849598891765,True,1.5255303552250927
3,25,Hybrid ACOR-LM,0.765625,0.6486486486486487,0.7164179104477612,0.6808510638297872,0,0.3947760309981671,True,1.5255303552250927
3,26,Hybrid ACOR-LM,0.7604166666666666,0.6521739130434783,0.6716417910447762,0.6617647058823529,0,0.4018561675667495,True,1.5255303552250927
3,27,Hybrid ACOR-LM,0.7239583333333334,0.6129032258064516,0.5671641791044776,0.5891472868217055,0,0.3967674474124864,True,1.5255303552250927
3,28,Hybrid ACOR-LM,0.7760416666666666,0.6621621621621622,0.7313432835820896,0.6950354609929078,0,0.4041496815062369,True,1.5255303552250927
3,29,Hybrid ACOR-LM,0.7708333333333334,0.6533333333333333,0.7313432835820896,0.6901408450704225,0,0.39951519947609876,True,1.5255303552250927
3,30,Hybrid ACOR-LM,0.765625,0.6447368421052632,0.7313432835820896,0.6853146853146853,0,0.401109465914066,True,1.5255303552250927
3,31,Hybrid ACOR-LM,0.796875,0.6794871794871795,0.7910447761194029,0.7310344827586207,0,0.39615148992014565,True,1.5255303552250927
3,32,Hybrid ACOR-LM,0.7760416666666666,0.6714285714285714,0.7014925373134329,0.6861313868613139,0,0.4004898123491659,True,1.5255303552250927
3,33,Hybrid ACOR-LM,0.75,0.620253164556962,0.7313432835820896,0.6712328767123288,0,0.40441377346021806,True,1.5255303552250927
3,34,Hybrid ACOR-LM,0.7708333333333334,0.6533333333333333,0.7313432835820896,0.6901408450704225,0,0.3995899257520942,True,1.5255303552250927
3,35,Hybrid ACOR-LM,0.7916666666666666,0.6901408450704225,0.7313432835820896,0.7101449275362319,0,0.4185180113142042,True,1.5255303552250927
3,36,Hybrid ACOR-LM,0.7447916666666666,0.618421052631579,0.7014925373134329,0.6573426573426573,0,0.40536620085731345,True,1.5255303552250927
3,37,Hybrid ACOR-LM,0.7239583333333334,0.5972222222222222,0.6417910447761194,0.6187050359712231,0,0.38970952801449765,True,1.5255303552250927
3,38,Hybrid ACOR-LM,0.7916666666666666,0.684931506849315,0.746268656716418,0.7142857142857143,0,0.3858067813283039,True,1.5255303552250927
3,39,Hybrid ACOR-LM,0.7552083333333334,0.6351351351351351,0.7014925373134329,0.6666666666666666,0,0.4153082030343096,True,1.5255303552250927
3,40,Hybrid ACOR-LM,0.7708333333333334,0.6619718309859155,0.7014925373134329,0.6811594202898551,0,0.40207742566074667,True,1.5255303552250927
3,41,Hybrid ACOR-LM,0.8125,0.7123287671232876,0.7761194029850746,0.7428571428571429,0,0.4105476365175792,True,1.5255303552250927
3,42,Hybrid ACOR-LM,0.7760416666666666,0.6621621621621622,0.7313432835820896,0.6950354609929078,0,0.41591868474332006,True,1.5255303552250927
3,43,Hybrid ACOR-LM,0.765625,0.6617647058823529,0.6716417910447762,0.6666666666666666,0,0.39876563422433775,True,1.5255303552250927
3,44,Hybrid ACOR-LM,0.78125,0.6811594202898551,0.7014925373134329,0.6911764705882353,0,0.3979772167761477,True,1.5255303552250927
3,45,Hybrid ACOR-LM,0.765625,0.671875,0.6417910447761194,0.6564885496183206,0,0.4035727871959024,True,1.5255303552250927
3,46,Hybrid ACOR-LM,0.7447916666666666,0.625,0.6716417910447762,0.6474820143884892,0,0.4051632072323441,True,1.5255303552250927
3,47,Hybrid ACOR-LM,0.7395833333333334,0.6164383561643836,0.6716417910447762,0.6428571428571429,0,0.40050939995284474,True,1.5255303552250927
3,48,Hybrid ACOR-LM,0.7916666666666666,0.68,0.7611940298507462,0.7183098591549296,0,0.40890248769482884,True,1.5255303552250927
3,49,Hybrid ACOR-LM,0.7604166666666666,0.6363636363636364,0.7313432835820896,0.6805555555555556,0,0.37999257906525385,True,1.5255303552250927
3,50,Hybrid ACOR-LM,0.7864583333333334,0.6805555555555556,0.7313432835820896,0.7050359712230215,0,0.40809440826927806,True,1.5255303552250927
4,1,Baseline ACOR,0.65625,0.5084745762711864,0.44776119402985076,0.47619047619047616,101,1.59130376654773,False,1.4651564584889851
4,2,Baseline ACOR,0.6614583333333334,0.5147058823529411,0.5223880597014925,0.5185185185185185,101,1.9200246273202461,False,1.4651564584889851
4,3,Baseline ACOR,0.5572916666666666,0.41818181818181815,0.6865671641791045,0.519774011299435,101,1.8321829592805128,False,1.4651564584889851
4,4,Baseline ACOR,0.6041666666666666,0.44,0.4925373134328358,0.4647887323943662,101,1.5208118557683612,False,1.4651564584889851
4,5,Baseline ACOR,0.625,0.463768115942029,0.47761194029850745,0.47058823529411764,101,1.592723755207875,False,1.4651564584889851
4,6,Baseline ACOR,0.546875,0.36486486486486486,0.40298507462686567,0.3829787234042553,101,1.6941087265859869,False,1.4651564584889851
4,7,Baseline ACOR,0.6354166666666666,0.4838709677419355,0.6716417910447762,0.5625,101,1.6709008649292283,False,1.4651564584889851
4,8,Baseline ACOR,0.7083333333333334,0.5774647887323944,0.6119402985074627,0.5942028985507246,101,1.503733856222783,False,1.4651564584889851
4,9,Baseline ACOR,0.6302083333333334,0.46,0.34328358208955223,0.39316239316239315,101,1.7031916181287006,False,1.4651564584889851
4,10,Baseline ACOR,0.5885416666666666,0.4268292682926829,0.5223880597014925,0.4697986577181208,101,1.6140672243741194,False,1.4651564584889851
4,11,Baseline ACOR,0.6979166666666666,0.7142857142857143,0.22388059701492538,0.3409090909090909,0,1.079333124391976,True,1.4651564584889851
4,12,Baseline ACOR,0.6822916666666666,0.5625,0.40298507462686567,0.46956521739130436,101,1.662476954694318,False,1.4651564584889851
4,13,Baseline ACOR,0.6458333333333334,0.4931506849315068,0.5373134328358209,0.5142857142857142,0,1.4411431420482417,True,1.4651564584889851
4,14,Baseline ACOR,0.6927083333333334,0.5689655172413793,0.4925373134328358,0.528,101,1.5962707298591365,False,1.4651564584889851
4,15,Baseline ACOR,0.6510416666666666,0.5,0.31343283582089554,0.3853211009174312,0,1.3290973863632143,True,1.4651564584889851
4,16,Baseline ACOR,0.5364583333333334,0.4017857142857143,0.6716417910447762,0.5027932960893855,0,1.1493391458533937,True,1.4651564584889851
4,17,Baseline ACOR,0.5833333333333334,0.38181818181818183,0.31343283582089554,0.3442622950819672,101,1.81343553283021,False,1.4651564584889851
4,18,Baseline ACOR,0.5885416666666666,0.38,0.2835820895522388,0.3247863247863248,0,1.4169007936408677,True,1.4651564584889851
4,19,Baseline ACOR,0.65625,0.5081967213114754,0.4626865671641791,0.484375,0,1.177659937058496,True,1.4651564584889851
4,20,Baseline ACOR,0.609375,0.46226415094339623,0.7313432835820896,0.5664739884393064,0,1.2121060152495002,True,1.4651564584889851
4,21,Baseline ACOR,0.6770833333333334,0.5510204081632653,0.40298507462686567,0.46551724137931033,101,1.4895682512895074,False,1.4651564584889851
4,22,Baseline ACOR,0.6927083333333334,0.5909090909090909,0.3880597014925373,0.46846846846846846,0,1.1508571242868244,True,1.4651564584889851
4,23,Baseline ACOR,0.671875,0.5526315789473685,0.31343283582089554,0.4,0,0.9892978174561209,True,1.4651564584889851
4,24,Baseline ACOR,0.5364583333333334,0.36585365853658536,0.44776119402985076,0.40268456375838924,101,1.5521127996149695,False,1.4651564584889851
4,25,Baseline ACOR,0.5260416666666666,0.39473684210526316,0.6716417910447762,0.4972375690607735,101,1.703999340354275,False,1.4651564584889851
4,26,Baseline ACOR,0.5989583333333334,0.41935483870967744,0.3880597014925373,0.40310077519379844,101,1.7524894067533434,False,1.4651564584889851
4,27,Baseline ACOR,0.7135416666666666,0.6428571428571429,0.40298507462686567,0.4954128440366973,101,1.5760222103930137,False,1.4651564584889851
4,28,Baseline ACOR,0.6875,0.5466666666666666,0.6119402985074627,0.5774647887323944,0,1.459148241125719,True,1.4651564584889851
4,29,Baseline ACOR,0.6770833333333334,0.5333333333333333,0.5970149253731343,0.5633802816901409,101,1.827624539700795,False,1.4651564584889851
4,30,Baseline ACOR,0.5416666666666666,0.39603960396039606,0.5970149253731343,0.47619047619047616,0,1.429077252625382,True,1.4651564584889851
4,31,Baseline ACOR,0.6041666666666666,0.41509433962264153,0.3283582089552239,0.36666666666666664,0,1.4619948664246982,True,1.4651564584889851
4,32,Baseline ACOR,0.65625,0.5045045045045045,0.835820895522388,0.6292134831460674,0,1.2291856059373396,True,1.4651564584889851
4,33,Baseline ACOR,0.6197916666666666,0.45454545454545453,0.44776119402985076,0.45112781954887216,0,1.3646387257200503,True,1.4651564584889851
4,34,Baseline ACOR,0.6822916666666666,0.5394736842105263,0.6119402985074627,0.5734265734265734,0,1.4620002318016883,True,1.4651564584889851
4,35,Baseline ACOR,0.5989583333333334,0.4342105263157895,0.4925373134328358,0.46153846153846156,0,1.3232033459505481,True,1.4651564584889851
4,36,Baseline ACOR,0.6875,0.6060606060606061,0.29850746268656714,0.4,0,1.1196127678297871,True,1.4651564584889851
4,37,Baseline ACOR,0.5416666666666666,0.32786885245901637,0.29850746268656714,0.3125,101,1.6021344365647552,False,1.4651564584889851
4,38,Baseline ACOR,0.6770833333333334,0.5531914893617021,0.3880597014925373,0.45614035087719296,0,1.439069169281411,True,1.4651564584889851
4,39,Baseline ACOR,0.65625,0.5054945054945055,0.6865671641791045,0.5822784810126582,101,1.5926087900918928,False,1.4651564584889851
4,40,Baseline ACOR,0.625,0.45901639344262296,0.417910447761194,0.4375,101,1.471611016376295,False,1.4651564584889851
4,41,Baseline ACOR,0.7135416666666666,0.59375,0.5671641791044776,0.5801526717557252,101,1.718435711370844,False,1.4651564584889851
4,42,Baseline ACOR,0.7083333333333334,0.6,0.4925373134328358,0.5409836065573771,0,1.450444309966643,True,1.4651564584889851
4,43,Baseline ACOR,0.7083333333333334,0.6222222222222222,0.417910447761194,0.5,0,0.9215077157385062,True,1.4651564584889851
4,44,Baseline ACOR,0.578125,0.42391304347826086,0.582089552238806,0.49056603773584906,0,1.1928950434079804,True,1.4651564584889851
4,45,Baseline ACOR,0.6354166666666666,0.4810126582278481,0.5671641791044776,0.5205479452054794,0,1.3261455178072987,True,1.4651564584889851
4,46,Baseline ACOR,0.484375,0.32978723404255317,0.4626865671641791,0.38509316770186336,0,1.2015580999386033,True,1.4651564584889851
4,47,Baseline ACOR,0.671875,0.5256410256410257,0.6119402985074627,0.5655172413793104,0,1.3011400070837493,True,1.4651564584889851
4,48,Baseline ACOR,0.6510416666666666,0.5,0.582089552238806,0.5379310344827586,101,1.505797849181102,False,1.4651564584889851
4,49,Baseline ACOR,0.6041666666666666,0.43283582089552236,0.43283582089552236,0.43283582089552236,0,1.283256270972702,True,1.4651564584889851
4,50,Baseline ACOR,0.5260416666666666,0.36046511627906974,0.4626865671641791,0.40522875816993464,101,1.8395744430485204,False,1.4651564584889851
4,1,Hybrid ACOR-LM,0.7708333333333334,0.6885245901639344,0.6268656716417911,0.65625,4,0.3909855446863326,True,1.4651564584889851
4,2,Hybrid ACOR-LM,0.75,0.6610169491525424,0.582089552238806,0.6190476190476191,0,0.4051228842441146,True,1.4651564584889851
4,3,Hybrid ACOR-LM,0.7395833333333334,0.6491228070175439,0.5522388059701493,0.5967741935483871,0,0.3946147844294867,True,1.4651564584889851
4,4,Hybrid ACOR-LM,0.7291666666666666,0.6229508196721312,0.5671641791044776,0.59375,0,0.3980923255752303,True,1.4651564584889851
4,5,Hybrid ACOR-LM,0.71875,0.6031746031746031,0.5671641791044776,0.5846153846153846,0,0.3959351163828238,True,1.4651564584889851
4,6,Hybrid ACOR-LM,0.6979166666666666,0.5789473684210527,0.4925373134328358,0.532258064516129,0,0.4145725272378967,True,1.4651564584889851
4,7,Hybrid ACOR-LM,0.7291666666666666,0.631578947368421,0.5373134328358209,0.5806451612903226,0,0.4168995016720247,True,1.4651564584889851
4,8,Hybrid ACOR-LM,0.734375,0.6379310344827587,0.5522388059701493,0.592,0,0.39553363477756964,True,1.4651564584889851
4,9,Hybrid ACOR-LM,0.7395833333333334,0.6545454545454545,0.5373134328358209,0.5901639344262295,0,0.4074393837545785,True,1.4651564584889851
4,10,Hybrid ACOR-LM,0.6927083333333334,0.5714285714285714,0.47761194029850745,0.5203252032520326,0,0.3933518114928833,True,1.4651564584889851
4,11,Hybrid ACOR-LM,0.7447916666666666,0.6451612903225806,0.5970149253731343,0.6201550387596899,0,0.3936690863073679,True,1.4651564584889851
4,12,Hybrid ACOR-LM,0.75,0.6666666666666666,0.5671641791044776,0.6129032258064516,0,0.40841504158244313,True,1.4651564584889851
4,13,Hybrid ACOR-LM,0.7395833333333334,0.639344262295082,0.582089552238806,0.609375,0,0.3975786397744324,True,1.4651564584889851
4,14,Hybrid ACOR-LM,0.7291666666666666,0.6271186440677966,0.5522388059701493,0.5873015873015873,0,0.3830668060039937,True,1.4651564584889851
4,15,Hybrid ACOR-LM,0.734375,0.625,0.5970149253731343,0.6106870229007634,0,0.38019449443777575,True,1.4651564584889851
4,16,Hybrid ACOR-LM,0.7135416666666666,0.6,0.5373134328358209,0.5669291338582677,0,0.39626954240933543,True,1.4651564584889851
4,17,Hybrid ACOR-LM,0.7291666666666666,0.6190476190476191,0.582089552238806,0.6,0,0.39782928685654817,True,1.4651564584889851
4,18,Hybrid ACOR-LM,0.7239583333333334,0.6166666666666667,0.5522388059701493,0.5826771653543307,0,0.39153704254163607,True,1.4651564584889851
4,19,Hybrid ACOR-LM,0.7291666666666666,0.6190476190476191,0.582089552238806,0.6,0,0.40510615818489154,True,1.4651564584889851
4,20,Hybrid ACOR-LM,0.75,0.6557377049180327,0.5970149253731343,0.625,0,0.40016806559643275,True,1.4651564584889851
4,21,Hybrid ACOR-LM,0.7447916666666666,0.65,0.582089552238806,0.6141732283464567,0,0.3971233916296281,True,1.4651564584889851
4,22,Hybrid ACOR-LM,0.75,0.6557377049180327,0.5970149253731343,0.625,0,0.41856495034000907,True,1.4651564584889851
4,23,Hybrid ACOR-LM,0.7395833333333334,0.6491228070175439,0.5522388059701493,0.5967741935483871,0,0.3984621055720222,True,1.4651564584889851
4,24,Hybrid ACOR-LM,0.7552083333333334,0.6666666666666666,0.5970149253731343,0.6299212598425197,0,0.40725280630514843,True,1.4651564584889851
4,25,Hybrid ACOR-LM,0.7447916666666666,0.6451612903225806,0.5970149253731343,0.6201550387596899,0,0.40069704436883485,True,1.4651564584889851
4,26,Hybrid ACOR-LM,0.7135416666666666,0.5909090909090909,0.582089552238806,0.5864661654135338,0,0.39936307439440016,True,1.4651564584889851
4,27,Hybrid ACOR-LM,0.7135416666666666,0.6071428571428571,0.5074626865671642,0.5528455284552846,0,0.3991167353265278,True,1.4651564584889851
4,28,Hybrid ACOR-LM,0.7552083333333334,0.6515151515151515,0.6417910447761194,0.6466165413533834,0,0.40114525912199606,True,1.4651564584889851
4,29,Hybrid ACOR-LM,0.71875,0.6,0.582089552238806,0.5909090909090909,0,0.38966968922756,True,1.4651564584889851
4,30,Hybrid ACOR-LM,0.7083333333333334,0.5873015873015873,0.5522388059701493,0.5692307692307692,0,0.3921263517289957,True,1.4651564584889851
4,31,Hybrid ACOR-LM,0.7135416666666666,0.59375,0.5671641791044776,0.5801526717557252,0,0.39757022542615345,True,1.4651564584889851
4,32,Hybrid ACOR-LM,0.7395833333333334,0.6440677966101694,0.5671641791044776,0.6031746031746031,0,0.40827251450577984,True,1.4651564584889851
4,33,Hybrid ACOR-LM,0.7395833333333334,0.639344262295082,0.582089552238806,0.609375,0,0.4017287913906654,True,1.4651564584889851
4,34,Hybrid ACOR-LM,0.703125,0.5757575757575758,0.5671641791044776,0.5714285714285714,0,0.4018922089271288,True,1.4651564584889851
4,35,Hybrid ACOR-LM,0.734375,0.6428571428571429,0.5373134328358209,0.5853658536585366,0,0.3857947981438366,True,1.4651564584889851
4,36,Hybrid ACOR-LM,0.734375,0.6290322580645161,0.582089552238806,0.6046511627906976,0,0.3801832997767993,True,1.4651564584889851
4,37,Hybrid ACOR-LM,0.7083333333333334,0.5901639344262295,0.5373134328358209,0.5625,0,0.40286899586947406,True,1.4651564584889851
4,38,Hybrid ACOR-LM,0.7291666666666666,0.6229508196721312,0.5671641791044776,0.59375,0,0.3913940088600271,True,1.4651564584889851
4,39,Hybrid ACOR-LM,0.7135416666666666,0.5909090909090909,0.582089552238806,0.5864661654135338,0,0.3973887771384987,True,1.4651564584889851
4,40,Hybrid ACOR-LM,0.7239583333333334,0.625,0.5223880597014925,0.5691056910569106,0,0.4073355284621182,True,1.4651564584889851
4,41,Hybrid ACOR-LM,0.7447916666666666,0.6551724137931034,0.5671641791044776,0.608,0,0.409699841712876,True,1.4651564584889851
4,42,Hybrid ACOR-LM,0.75,0.6610169491525424,0.582089552238806,0.6190476190476191,0,0.3897593459103805,True,1.4651564584889851
4,43,Hybrid ACOR-LM,0.7135416666666666,0.59375,0.5671641791044776,0.5801526717557252,0,0.393774701405053,True,1.4651564584889851
4,44,Hybrid ACOR-LM,0.7395833333333334,0.6545454545454545,0.5373134328358209,0.5901639344262295,0,0.38964629806376355,True,1.4651564584889851
4,45,Hybrid ACOR-LM,0.6875,0.5573770491803278,0.5074626865671642,0.53125,0,0.39609164489823073,True,1.4651564584889851
4,46,Hybrid ACOR-LM,0.7135416666666666,0.6071428571428571,0.5074626865671642,0.5528455284552846,0,0.38333145219476594,True,1.4651564584889851
4,47,Hybrid ACOR-LM,0.734375,0.6212121212121212,0.6119402985074627,0.6165413533834586,0,0.3918541010131656,True,1.4651564584889851
4,48,Hybrid ACOR-LM,0.734375,0.6333333333333333,0.5671641791044776,0.5984251968503937,0,0.41364740854817345,True,1.4651564584889851
4,49,Hybrid ACOR-LM,0.7395833333333334,0.6349206349206349,0.5970149253731343,0.6153846153846154,0,0.40297395403586317,True,1.4651564584889851
4,50,Hybrid ACOR-LM,0.7135416666666666,0.5967741935483871,0.5522388059701493,0.5736434108527132,0,0.41145805305319794,True,1.4651564584889851
